averageTestAccuracy,averageTestMSE,averageTimeTaken,batchSize,embeddingVectorLength,epochs,lstmLayerSize,maxSentenceLength,medianTestAccuracy,medianTestMSE,medianTimeTaken,testAccuracy,testMSE,timeTaken
0.6041451502792025,0.1486723358597387,1938.2519552707672,32,30,3,50,100,0.6041451502792025,0.148479147609247,1845.7598640918732,[0.6041451502792025],"[0.14757034801452829, 0.148479147609247, 0.14996751195544086]","[1542.6068258285522, 2426.389175891876, 1845.7598640918732]"
