batchSize,embeddingVectorLength,epochs,lstmLayerSize,maxSentenceLength,testAccuracy,testMSE,timeTaken,trainAccuracy,trainMSE
128,50,3,100,200,0.5937571200729096,0.1593810903211423,389.95648884773254,0.8137706230520687,0.08235355743401622
