batchSize,embeddingVectorLength,epochs,lstmLayerSize,maxSentenceLength,testAccuracy,testMSE,timeTaken,trainAccuracy,trainMSE
128,50,3,100,200,0.6559543230016314,0.18055433035242574,261.026251077652,0.8408485924013874,0.09491904816856771
